listing_id,state,city,area,micro_location,address,property_type,listing_status,title_tenure,bedrooms,bathrooms,parking_spaces,land_size_sqm,built_area_sqm,lot_shape,year_built,condition,listing_price_naira,price_per_sqm_naira,estimated_monthly_rent_naira,estimated_annual_rent_naira,service_charge_naira,annual_maintenance_naira,est_insurance_ground_rent_naira,gross_yield,net_yield,est_monthly_mortgage_20pct_down,cash_flow_20pct_down,risk_score,family_fit_score,investor_fit_score,renter_lifestyle_score,commute_score,school_access_score,flood_risk,title_risk,infrastructure_reliability,security_rating,road_access,market_liquidity,short_let_allowed,power_backup,water_supply,internet_reliability,pros,cons,best_for,warning_flags,ai_recommendation_summary,match_tags
NGL-0001,Rivers,Port Harcourt,Peter Odili Road,Golf Estate / Rainbow Town,"Plot 171, Government House Road",Serviced Apartment,For Sale,Gazette,1,2,0,47,58,Irregular,1990,Good,48000000,827586,300000,3600000,2200000,600000,150000,0.075,0.0038,713111,-8375332,44,70,51,60,63,72,Medium,Verification needed,66,71,Good,74,No,Inverter,Municipal + borehole,Patchy broadband,Attractive gross yield,Drainage/flood checks required; Documentation diligence required; High annual service charge,Family,Title verification; High service charge; Short-let restriction; Estate litigation check,"Good family test candidate in Peter Odili Road, Port Harcourt; check Title verification, High service charge before recommending.",budget; yield; family
NGL-0002,Kaduna,Kaduna,Barnawa,Narayi / High Cost,"Plot 12, Government House Road",Apartment / Flat,Tenant Occupied,Governor's Consent,3,2,3,123,129,Irregular,1995,Good,43500000,337209,300000,3600000,250000,500000,200000,0.0828,0.0502,646257,-5573082,27,75,59,66,64,45,Low,Clean,55,52,Fair,73,No,Solar + inverter,Estate water,Fiber available,Attractive gross yield,Road quality risk,Family,Possession timeline,"Good family test candidate in Barnawa, Kaduna; check Possession timeline before recommending.",budget; yield; family; low-flood-risk; clean-title
NGL-0003,Rivers,Port Harcourt,Trans Amadi,Industrial Layout / Rumuobiakani,"Plot 53, Ring Road",Penthouse,For Sale,C of O,3,4,3,86,109,Irregular,2026,Good,116000000,1064220,850000,10200000,900000,1500000,650000,0.0879,0.0502,1723352,-14856219,37,78,63,72,83,57,Medium,Clean,61,53,Good,70,Yes,Solar + inverter,Borehole,Fiber available,Good commute profile; Attractive gross yield; Short-let optionality,Drainage/flood checks required,Family,No major synthetic flags,"Good family test candidate in Trans Amadi, Port Harcourt; check pricing and inspection before recommending.",yield; family; clean-title
NGL-0004,Kaduna,Kaduna,Barnawa,Narayi / High Cost,"Plot 4, Central Link Road",Detached Duplex,Off-plan,Registered Deed,5,5,5,1022,385,Regular,2014,Newly Built,241000000,625974,1050000,12600000,600000,1750000,750000,0.0523,0.0326,3580412,-35102939,35,86,41,63,60,50,Low,Verification needed,67,67,Good,52,No,Solar + inverter,Municipal + borehole,Fiber available,Large family layout,Documentation diligence required,Family,Title verification,"Good family test candidate in Barnawa, Kaduna; check Title verification before recommending.",family; low-flood-risk
NGL-0005,Ogun,Abeokuta,Laderin,Kobape / Oke-Mosan Axis,"Plot 122, Estate Avenue",Bungalow,Off-plan,Registered Deed,3,2,4,481,127,Regular,2008,Fair,44000000,346457,200000,2400000,350000,550000,100000,0.0545,0.0247,653685,-6756221,53,75,37,57,59,47,Medium,Verification needed,44,53,Good,55,No,Solar + inverter,Estate water,4G/5G reliable,Balanced price for area,Drainage/flood checks required; Documentation diligence required; Repair budget needed,Family,Title verification; Renovation/structural check,"Good family test candidate in Laderin, Abeokuta; check Title verification, Renovation/structural check before recommending.",budget; family; renovation
NGL-0006,Lagos,Lagos,Magodo,Phase 2 / Shangisha,"Plot 51, CMD Road",Apartment / Flat,Distress Sale,Excision in Process,1,1,2,59,58,Corner plot,2004,Needs Renovation,39500000,681034,200000,2400000,550000,550000,100000,0.0608,0.0225,586831,-6153971,48,67,46,59,40,65,Low,Verification needed,49,65,Fair,79,No,Inverter,Estate water,4G/5G reliable,High market liquidity,Documentation diligence required; Repair budget needed; Commute risk,Family,Title verification; Renovation/structural check,"Good family test candidate in Magodo, Lagos; check Title verification, Renovation/structural check before recommending.",budget; family; low-flood-risk; renovation
NGL-0007,FCT,Abuja,Wuse 2,Aminu Kano / Ademola Adetokunbo,"Plot 62, Aminu Kano Crescent",Apartment / Flat,For Sale,Registered Deed,4,4,4,128,224,Regular,2009,Fair,238500000,1064732,1550000,18600000,2100000,1950000,1000000,0.078,0.0467,3543270,-31387244,42,95,58,73,75,93,Low,Verification needed,76,61,Good,96,No,Inverter,Municipal + borehole,4G/5G reliable,High market liquidity; Strong school access; Good commute profile,Documentation diligence required; Repair budget needed; High annual service charge,Family,Title verification; Renovation/structural check; High service charge,"Good family test candidate in Wuse 2, Abuja; check Title verification, Renovation/structural check before recommending.",yield; family; low-flood-risk; prime; renovation
NGL-0008,Edo,Benin City,Ugbowo,University Axis,"Plot 52, Government House Road",Uncompleted Shell,For Sale,Governor's Consent,2,1,3,301,115,Corner plot,2017,Newly Built,36000000,313043,0,0,200000,250000,100000,0.0,-0.0153,534833,-6967999,22,79,33,66,75,37,Low,Clean,63,88,Good,63,No,Generator-ready,Estate water,Fiber available,Good commute profile; Strong security profile,May require negotiation to improve value,Family,No major synthetic flags,"Good family test candidate in Ugbowo, Benin City; check pricing and inspection before recommending.",budget; family; low-flood-risk; clean-title
NGL-0009,Plateau,Jos,Rayfield,Old Airport / Rayfield Resort,"Plot 139, Ring Road",Serviced Apartment,For Sale,C of O,2,3,1,100,95,Regular,2015,Excellent,35500000,373684,200000,2400000,850000,300000,150000,0.0676,0.0222,527405,-5540860,24,82,53,63,63,62,Low,Clean,42,73,Good,64,No,Inverter,Municipal + borehole,4G/5G reliable,Attractive gross yield,Power/water reliability concern,Family,Short-let restriction,"Good family test candidate in Rayfield, Jos; check Short-let restriction before recommending.",budget; family; low-flood-risk; clean-title
NGL-0010,Cross River,Calabar,State Housing,Marian / Etta Agbor,"Plot 58, Central Link Road",Apartment / Flat,For Sale,C of O,2,2,1,107,113,Corner plot,1980,Needs Renovation,32000000,283186,100000,1200000,550000,200000,50000,0.0375,0.0076,475407,-5460888,36,84,39,63,62,65,Low,Clean,44,78,Good,63,No,Inverter,Estate water,4G/5G reliable,Strong security profile,Repair budget needed; Power/water reliability concern,Family,Renovation/structural check,"Good family test candidate in State Housing, Calabar; check Renovation/structural check before recommending.",budget; family; low-flood-risk; clean-title; renovation
NGL-0011,Lagos,Lagos,Victoria Island,Oniru / Water Corp Axis,"Plot 116, Bishop Oluwole Street",Apartment / Flat,Tenant Occupied,Gazette,4,5,5,159,232,Regular,2014,Newly Built,668500000,2881466,3000000,36000000,1000000,9400000,1150000,0.0539,0.0296,9931557,-99408678,44,84,48,78,82,62,Medium,Verification needed,90,76,Good,87,No,Solar + inverter,Tanker-dependent,4G/5G reliable,High market liquidity; Good commute profile; Reliable infrastructure,Drainage/flood checks required; Documentation diligence required,Family,Title verification; Possession timeline,"Good family test candidate in Victoria Island, Lagos; check Title verification, Possession timeline before recommending.",family; prime
NGL-0012,FCT,Abuja,Lugbe,Trademore / FHA,"Plot 190, FHA Lugbe Road",Bungalow,Off-plan,Family Receipt Only,3,3,2,293,136,Compact,2017,Newly Built,57000000,419118,400000,4800000,900000,800000,350000,0.0842,0.0373,846819,-8035832,82,55,38,51,66,51,High,High caution,53,85,Poor,66,No,Inverter,Municipal + borehole,4G/5G reliable,Attractive gross yield; Strong security profile,Drainage/flood checks required; Documentation diligence required; Power/water reliability concern,Family,Flood-zone diligence; High title risk; Road access risk,"Good family test candidate in Lugbe, Abuja; check Flood-zone diligence, High title risk before recommending.",yield; family
NGL-0013,Kano,Kano,Tarauni,Hotoro / Zoo Road,"Plot 87, GRA Road",Uncompleted Shell,Tenant Occupied,Gazette,4,3,4,867,246,Compact,2025,Fair,89000000,361789,0,0,350000,800000,250000,0.0,-0.0157,1322227,-17266720,40,92,24,52,45,71,Low,Verification needed,34,70,Good,51,No,Generator-ready,Estate water,Fiber available,Balanced price for area,Documentation diligence required; Repair budget needed; Commute risk,Family,Title verification; Renovation/structural check; Possession timeline,"Good family test candidate in Tarauni, Kano; check Title verification, Renovation/structural check before recommending.",family; low-flood-risk; renovation
NGL-0014,Kwara,Ilorin,GRA Ilorin,Tanke / GRA Link,"Plot 151, Central Link Road",Terrace House,For Sale,Governor's Consent,5,5,5,298,252,Compact,2000,Good,97500000,386905,600000,7200000,750000,600000,550000,0.0738,0.0448,1448507,-13018081,34,67,48,45,55,57,Medium,Clean,38,73,Poor,50,No,Inverter,Borehole,4G/5G reliable,Attractive gross yield; Large family layout,Drainage/flood checks required; Power/water reliability concern; Road quality risk,Family,Road access risk,"Good family test candidate in GRA Ilorin, Ilorin; check Road access risk before recommending.",family; clean-title
NGL-0015,Rivers,Port Harcourt,Rumuodara,East-West Road Axis,"Plot 84, Unity Road",Apartment / Flat,For Sale,Excision in Process,4,3,5,177,248,Compact,2019,Newly Built,118500000,477823,700000,8400000,400000,1000000,200000,0.0709,0.0482,1760493,-15417914,46,71,42,62,60,20,Medium,Verification needed,43,63,Good,48,No,Solar + inverter,Estate water,Fiber available,Attractive gross yield,Drainage/flood checks required; Documentation diligence required; Power/water reliability concern,Family,Title verification; Power cost exposure,"Good family test candidate in Rumuodara, Port Harcourt; check Title verification, Power cost exposure before recommending.",family
NGL-0016,Cross River,Calabar,State Housing,Marian / Etta Agbor,"Plot 197, Central Link Road",Apartment / Flat,For Sale,Gazette,1,2,0,34,54,Compact,2009,Good,17000000,314815,100000,1200000,200000,100000,100000,0.0706,0.0379,252560,-2386722,34,77,52,60,39,68,Low,Verification needed,55,73,Good,70,No,Inverter,Borehole,Fiber available,Attractive gross yield,Documentation diligence required; Commute risk,Family,Title verification,"Good family test candidate in State Housing, Calabar; check Title verification before recommending.",budget; family; low-flood-risk
NGL-0017,Lagos,Lagos,Sangotedo,Novare / Monastery Road,"Plot 65, Crown Estate Road",Townhouse,Off-plan,Gazette,4,4,4,175,232,Corner plot,2023,Excellent,149000000,642241,950000,11400000,400000,850000,800000,0.0765,0.0528,2213615,-18695385,71,72,39,59,75,80,High,Verification needed,68,62,Good,64,No,Inverter,Estate water,Unknown,Strong school access; Good commute profile; Attractive gross yield,Drainage/flood checks required; Documentation diligence required,Family,Flood-zone diligence; Title verification,"Good family test candidate in Sangotedo, Lagos; check Flood-zone diligence, Title verification before recommending.",yield; family
NGL-0018,Rivers,Port Harcourt,Peter Odili Road,Golf Estate / Rainbow Town,"Plot 82, Government House Road",Detached Duplex,For Sale,Excision in Process,5,5,4,1088,363,Regular,1987,Fair,381000000,1049587,1900000,22800000,450000,4750000,750000,0.0598,0.0364,5660319,-54037824,49,76,44,65,68,55,Medium,Verification needed,67,79,Fair,71,No,Inverter,Borehole,4G/5G reliable,Strong security profile; Large family layout,Drainage/flood checks required; Documentation diligence required; Repair budget needed,Family,Title verification; Renovation/structural check,"Good family test candidate in Peter Odili Road, Port Harcourt; check Title verification, Renovation/structural check before recommending.",family; renovation
NGL-0019,Lagos,Lagos,Yaba,Sabo / Alagomeji,"Plot 75, Alagomeji Road",Penthouse,For Sale,Registered Deed,4,5,3,161,205,Corner plot,2014,Excellent,322500000,1573171,2750000,33000000,900000,3650000,1400000,0.1023,0.0706,4791215,-34734576,46,78,68,75,80,78,Medium,Verification needed,77,63,Fair,84,Yes,Inverter,Estate water,Fiber available,High market liquidity; Strong school access; Good commute profile,Drainage/flood checks required; Documentation diligence required; Road quality risk,Investor,Title verification,"Good investor test candidate in Yaba, Lagos; check Title verification before recommending.",yield; investor
NGL-0020,Lagos,Lagos,Ikoyi,Ikoyi South / Banana Link,"Plot 129, Bourdillon Road",Semi-detached Duplex,For Sale,Family Receipt Only,5,4,5,1000,338,Compact,2015,Newly Built,992500000,2936391,6550000,78600000,3250000,10000000,3700000,0.0792,0.0518,14745056,-125508671,62,88,45,73,84,69,Low,High caution,86,56,Excellent,73,No,Solar + inverter,Borehole,4G/5G reliable,Good commute profile; Attractive gross yield; Reliable infrastructure,Documentation diligence required; High annual service charge,Family,High title risk; High service charge,"Good family test candidate in Ikoyi, Lagos; check High title risk, High service charge before recommending.",yield; family; low-flood-risk; prime
NGL-0021,Oyo,Ibadan,Jericho,Onireke / Aleshinloye,"Plot 133, Unity Road",Semi-detached Duplex,For Sale,C of O,4,4,4,426,231,Irregular,2018,Excellent,183500000,794372,850000,10200000,650000,1500000,950000,0.0556,0.0315,2726164,-26939968,21,96,61,63,57,67,Low,Clean,71,96,Excellent,79,Yes,Solar + inverter,Municipal + borehole,4G/5G reliable,High market liquidity; Reliable infrastructure; Strong security profile,May require negotiation to improve value,Family,No major synthetic flags,"Good family test candidate in Jericho, Ibadan; check pricing and inspection before recommending.",family; low-flood-risk; clean-title
NGL-0022,Rivers,Port Harcourt,Trans Amadi,Industrial Layout / Rumuobiakani,"Plot 10, GRA Road",Semi-detached Duplex,Off-plan,Governor's Consent,4,3,4,669,241,Corner plot,2023,Excellent,204000000,846473,1200000,14400000,900000,2250000,1100000,0.0706,0.0406,3030722,-28090662,26,82,54,54,42,64,Low,Clean,49,63,Fair,69,No,Inverter,Borehole,4G/5G reliable,Attractive gross yield; Large family layout,Commute risk; Power/water reliability concern; Road quality risk,Family,No major synthetic flags,"Good family test candidate in Trans Amadi, Port Harcourt; check pricing and inspection before recommending.",family; low-flood-risk; clean-title
NGL-0023,FCT,Abuja,Apo,Legislative Quarters / Resettlement,"Plot 32, Apo Legislative Quarters",Bungalow,Off-plan,Excision in Process,4,5,4,997,253,Regular,2018,Good,228000000,901186,900000,10800000,500000,1150000,1350000,0.0474,0.0281,3387277,-34251328,34,95,48,61,66,79,Low,Verification needed,54,76,Good,84,No,None,Estate water,4G/5G reliable,High market liquidity; Strong school access; Strong security profile,Documentation diligence required; Power/water reliability concern,Family,Title verification,"Good family test candidate in Apo, Abuja; check Title verification before recommending.",family; low-flood-risk
NGL-0024,Lagos,Lagos,Epe,Alaro City / Epe Town,"Plot 120, Epe Marina Road",Bungalow,Off-plan,Governor's Consent,3,4,3,533,157,Compact,1997,Good,117500000,748408,300000,3600000,450000,1600000,500000,0.0306,0.005,1745636,-20365636,36,71,43,61,70,20,Medium,Clean,46,63,Good,59,Yes,Shared generator,Estate water,4G/5G reliable,Short-let optionality,Drainage/flood checks required; Power/water reliability concern,Family,No major synthetic flags,"Good family test candidate in Epe, Lagos; check pricing and inspection before recommending.",family; clean-title
NGL-0025,FCT,Abuja,Gwarinpa,3rd Avenue / 5th Avenue,"Plot 50, Setraco Gate Road",Semi-detached Duplex,For Sale,Governor's Consent,5,4,5,775,426,Corner plot,2002,Fair,349000000,819249,1600000,19200000,550000,2600000,1100000,0.055,0.0357,5184911,-49764936,43,84,50,63,61,80,Medium,Clean,69,55,Good,68,Yes,Inverter,Municipal + borehole,Fiber available,Strong school access; Large family layout; Short-let optionality,Drainage/flood checks required; Repair budget needed,Family,Renovation/structural check,"Good family test candidate in Gwarinpa, Abuja; check Renovation/structural check before recommending.",family; clean-title; renovation
NGL-0026,FCT,Abuja,Asokoro,Aso Drive / ECOWAS Axis,"Plot 121, ECOWAS Road",Bungalow,For Sale,Registered Deed,3,4,3,597,175,Corner plot,2005,Good,389000000,2222857,1600000,19200000,1950000,5200000,2000000,0.0494,0.0194,5779171,-61796046,36,93,48,62,70,83,Low,Verification needed,87,60,Good,82,No,Shared generator,Borehole,Patchy broadband,High market liquidity; Strong school access; Reliable infrastructure,Documentation diligence required; High annual service charge,Family,Title verification; High service charge,"Good family test candidate in Asokoro, Abuja; check Title verification, High service charge before recommending.",family; low-flood-risk; prime
NGL-0027,Cross River,Calabar,State Housing,Marian / Etta Agbor,"Plot 35, Central Link Road",Apartment / Flat,Tenant Occupied,C of O,3,4,3,137,136,Corner plot,2026,Newly Built,49500000,363971,300000,3600000,300000,500000,250000,0.0727,0.0421,735396,-6742749,24,71,60,52,46,47,Low,Clean,56,70,Poor,58,Yes,Generator-ready,Municipal + borehole,Fiber available,Attractive gross yield; Short-let optionality,Commute risk; Road quality risk,Family,Possession timeline; Road access risk,"Good family test candidate in State Housing, Calabar; check Possession timeline, Road access risk before recommending.",budget; family; low-flood-risk; clean-title
NGL-0028,FCT,Abuja,Lugbe,Trademore / FHA,"Plot 115, FHA Lugbe Road",Terrace House,For Sale,C of O,4,5,3,173,181,Regular,2023,Excellent,97500000,538674,700000,8400000,650000,700000,400000,0.0862,0.057,1448507,-11824081,23,75,56,39,56,55,Low,Clean,44,80,Poor,54,No,Shared generator,Estate water,Patchy broadband,Attractive gross yield; Strong security profile; Large family layout,Power/water reliability concern; Road quality risk,Family,Road access risk,"Good family test candidate in Lugbe, Abuja; check Road access risk before recommending.",yield; family; low-flood-risk; clean-title
NGL-0029,Lagos,Lagos,Surulere,Bode Thomas / Aguda,"Plot 57, Masha Road",Semi-detached Duplex,Tenant Occupied,C of O,5,5,5,670,349,Compact,1999,Fair,293000000,839542,1350000,16200000,250000,1250000,1100000,0.0553,0.0392,4352948,-40741382,31,84,52,55,67,72,Low,Clean,58,66,Fair,86,No,None,Borehole,Patchy broadband,High market liquidity; Large family layout,Repair budget needed; Road quality risk,Family,Renovation/structural check; Possession timeline; Power cost exposure,"Good family test candidate in Surulere, Lagos; check Renovation/structural check, Possession timeline before recommending.",family; low-flood-risk; clean-title; renovation
NGL-0030,Delta,Asaba,Okpanam Road,Summit / DBS Axis,"Plot 166, Government House Road",Serviced Apartment,Price Reduced,Governor's Consent,3,4,3,118,142,Irregular,2020,Excellent,79000000,556338,450000,5400000,1150000,550000,200000,0.0684,0.0354,1173662,-11285943,26,79,50,57,63,57,Low,Clean,52,57,Fair,55,No,Generator-ready,Estate water,Patchy broadband,Attractive gross yield,Power/water reliability concern; Road quality risk,Family,Short-let restriction,"Good family test candidate in Okpanam Road, Asaba; check Short-let restriction before recommending.",family; low-flood-risk; clean-title
NGL-0031,Oyo,Ibadan,Jericho,Onireke / Aleshinloye,"Plot 166, Estate Avenue",Semi-detached Duplex,Distress Sale,Governor's Consent,5,6,4,823,297,Compact,1987,Good,203500000,685185,1400000,16800000,100000,1450000,350000,0.0826,0.0625,3023294,-23563523,26,91,61,65,67,74,Low,Clean,68,61,Excellent,55,Yes,Inverter,Tanker-dependent,Fiber available,Attractive gross yield; Large family layout; Short-let optionality,May require negotiation to improve value,Family,No major synthetic flags,"Good family test candidate in Jericho, Ibadan; check pricing and inspection before recommending.",yield; family; low-flood-risk; clean-title
NGL-0032,Kwara,Ilorin,GRA Ilorin,Tanke / GRA Link,"Plot 55, Ring Road",Bungalow,For Sale,Registered Deed,4,4,4,1028,291,Regular,1992,Good,166000000,570447,350000,4200000,900000,850000,400000,0.0253,0.0091,2466176,-28090107,35,80,35,68,90,57,Low,Verification needed,58,64,Fair,59,No,Solar + inverter,Municipal + borehole,4G/5G reliable,Good commute profile,Documentation diligence required; Road quality risk,Family,Title verification,"Good family test candidate in GRA Ilorin, Ilorin; check Title verification before recommending.",family; low-flood-risk
NGL-0033,Lagos,Lagos,Yaba,Sabo / Alagomeji,"Plot 44, Sabo Road",Serviced Apartment,Tenant Occupied,Governor's Consent,3,3,4,96,141,Corner plot,2017,Excellent,206000000,1460993,1250000,15000000,2100000,2400000,850000,0.0728,0.0374,3060435,-29025217,23,93,63,72,95,71,Low,Clean,48,78,Good,95,No,Inverter,Municipal + borehole,Fiber available,High market liquidity; Good commute profile; Attractive gross yield,High annual service charge; Power/water reliability concern,Family,High service charge; Possession timeline; Short-let restriction,"Good family test candidate in Yaba, Lagos; check High service charge, Possession timeline before recommending.",family; low-flood-risk; clean-title
NGL-0034,Cross River,Calabar,State Housing,Marian / Etta Agbor,"Plot 74, Unity Road",Semi-detached Duplex,For Sale,C of O,4,5,4,611,241,Regular,2018,Newly Built,121500000,504149,750000,9000000,400000,1600000,250000,0.0741,0.0459,1805062,-16080747,26,73,64,43,30,61,Low,Clean,57,62,Poor,75,Yes,None,Municipal + borehole,Fiber available,High market liquidity; Attractive gross yield; Large family layout,Commute risk; Road quality risk,Family,Road access risk,"Good family test candidate in State Housing, Calabar; check Road access risk before recommending.",family; low-flood-risk; clean-title
NGL-0035,Edo,Benin City,Ugbowo,University Axis,"Plot 99, GRA Road",Apartment / Flat,Price Reduced,Registered Deed,1,2,1,38,63,Irregular,2023,Good,20000000,317460,100000,1200000,850000,300000,100000,0.06,-0.0103,297130,-3771555,34,69,44,55,56,68,Low,Verification needed,52,70,Fair,50,No,Generator-ready,Borehole,Patchy broadband,Balanced price for area,Documentation diligence required; Power/water reliability concern; Road quality risk,Family,Title verification,"Good family test candidate in Ugbowo, Benin City; check Title verification before recommending.",budget; family; low-flood-risk
NGL-0036,FCT,Abuja,Wuse 2,Aminu Kano / Ademola Adetokunbo,"Plot 138, Ademola Adetokunbo Crescent",Bungalow,For Sale,C of O,2,1,2,249,78,Compact,2018,Newly Built,172000000,2205128,850000,10200000,1100000,2400000,500000,0.0593,0.0283,2555314,-25789774,37,75,49,65,45,76,Medium,Clean,95,56,Excellent,77,No,None,Borehole,4G/5G reliable,High market liquidity; Strong school access; Reliable infrastructure,Drainage/flood checks required; Commute risk,Family,No major synthetic flags,"Good family test candidate in Wuse 2, Abuja; check pricing and inspection before recommending.",family; clean-title; prime
NGL-0037,FCT,Abuja,Life Camp,Kado / Paradise Estate,"Plot 40, Paradise Estate Road",Mixed-use Residential,Tenant Occupied,C of O,3,2,2,316,151,Compact,2016,Newly Built,220000000,1456954,1000000,12000000,300000,1300000,850000,0.0545,0.0363,3268425,-31231106,28,65,51,55,81,42,Low,Clean,55,47,Poor,77,No,Generator-ready,Tanker-dependent,4G/5G reliable,High market liquidity; Good commute profile,Road quality risk,Family,Possession timeline; Road access risk,"Good family test candidate in Life Camp, Abuja; check Possession timeline, Road access risk before recommending.",family; low-flood-risk; clean-title
NGL-0038,Anambra,Awka,Aroma,Government House Axis,"Plot 195, Unity Road",Uncompleted Shell,For Sale,Gazette,2,3,2,212,91,Compact,2019,Excellent,26500000,291209,0,0,550000,350000,100000,0.0,-0.0377,393697,-5724360,33,81,31,58,49,52,Low,Verification needed,58,78,Good,69,No,None,Borehole,Fiber available,Strong security profile,Documentation diligence required; Commute risk,Family,Title verification,"Good family test candidate in Aroma, Awka; check Title verification before recommending.",budget; family; low-flood-risk
NGL-0039,Oyo,Ibadan,Oluyole,Industrial Estate / Ring Road,"Plot 102, Estate Avenue",Detached Duplex,For Sale,Governor's Consent,4,3,5,487,228,Irregular,1993,Good,200000000,877193,700000,8400000,100000,2150000,850000,0.042,0.021,2971296,-31447551,26,86,45,60,74,57,Low,Clean,74,60,Good,66,No,Solar + inverter,Borehole,Patchy broadband,Reliable infrastructure; Large family layout,May require negotiation to improve value,Family,No major synthetic flags,"Good family test candidate in Oluyole, Ibadan; check pricing and inspection before recommending.",family; low-flood-risk; clean-title
NGL-0040,Lagos,Lagos,Yaba,Sabo / Alagomeji,"Plot 96, Alagomeji Road",Detached Duplex,For Sale,C of O,6,6,5,1077,474,Corner plot,2004,Good,1068500000,2254219,3200000,38400000,150000,5100000,4900000,0.0359,0.0218,15874148,-167231780,25,82,50,58,29,66,Low,Clean,79,64,Fair,64,Yes,Shared generator,Borehole,4G/5G reliable,Reliable infrastructure; Large family layout; Short-let optionality,Commute risk; Road quality risk,Family,No major synthetic flags,"Good family test candidate in Yaba, Lagos; check pricing and inspection before recommending.",family; low-flood-risk; clean-title
NGL-0041,Enugu,Enugu,New Haven,Upper Chime / Nike Road,"Plot 44, Government House Road",Semi-detached Duplex,For Sale,Governor's Consent,4,4,5,616,206,Regular,2014,Newly Built,126500000,614078,850000,10200000,300000,650000,600000,0.0806,0.0579,1879345,-15228136,37,74,57,53,60,67,Medium,Clean,58,55,Fair,85,No,Shared generator,Borehole,Patchy broadband,High market liquidity; Attractive gross yield; Large family layout,Drainage/flood checks required; Road quality risk,Investor,Unpermitted extension,"Good investor test candidate in New Haven, Enugu; check Unpermitted extension before recommending.",yield; investor; clean-title
NGL-0042,Ogun,Abeokuta,Laderin,Kobape / Oke-Mosan Axis,"Plot 198, Central Link Road",Semi-detached Duplex,For Sale,C of O,5,6,5,609,333,Corner plot,2025,Good,104500000,313814,550000,6600000,550000,1050000,350000,0.0632,0.0363,1552502,-14838025,23,75,45,53,60,56,Low,Clean,66,78,Poor,38,No,Generator-ready,Municipal + borehole,4G/5G reliable,Strong security profile; Large family layout,Road quality risk,Family,Road access risk,"Good family test candidate in Laderin, Abeokuta; check Road access risk before recommending.",family; low-flood-risk; clean-title
NGL-0043,Ekiti,Ado-Ekiti,Ajilosun,Fajuyi / Basiri Axis,"Plot 12, Government House Road",Semi-detached Duplex,Tenant Occupied,Governor's Consent,4,3,4,509,260,Irregular,2005,Needs Renovation,59500000,228846,300000,3600000,800000,500000,100000,0.0605,0.0291,883961,-8875526,37,88,50,59,66,54,Low,Clean,42,71,Excellent,50,Yes,Shared generator,Borehole,Fiber available,Large family layout; Short-let optionality,Repair budget needed; Power/water reliability concern,Family,Renovation/structural check; Possession timeline,"Good family test candidate in Ajilosun, Ado-Ekiti; check Renovation/structural check, Possession timeline before recommending.",family; low-flood-risk; clean-title; renovation
NGL-0044,FCT,Abuja,Jabi,Lake Mall / Utako Link,"Plot 73, Alex Ekwueme Way",Apartment / Flat,For Sale,C of O,1,1,0,25,45,Compact,2020,Excellent,56500000,1255556,400000,4800000,3450000,350000,200000,0.085,0.0031,839391,-9896693,22,81,66,70,56,73,Low,Clean,81,87,Good,92,No,Generator-ready,Estate water,Fiber available,High market liquidity; Attractive gross yield; Reliable infrastructure,High annual service charge,Family,High service charge,"Good family test candidate in Jabi, Abuja; check High service charge before recommending.",yield; family; low-flood-risk; clean-title
NGL-0045,FCT,Abuja,Asokoro,Aso Drive / ECOWAS Axis,"Plot 171, Gana Street",Apartment / Flat,For Sale,Registered Deed,3,4,3,150,148,Irregular,2019,Good,228000000,1540541,1950000,23400000,1300000,2550000,1000000,0.1026,0.068,3387277,-25139328,36,93,62,79,80,82,Low,Verification needed,94,63,Good,77,No,Solar + inverter,Estate water,4G/5G reliable,High market liquidity; Strong school access; Good commute profile,Documentation diligence required,Family,Title verification,"Good family test candidate in Asokoro, Abuja; check Title verification before recommending.",yield; family; low-flood-risk; prime
NGL-0046,Oyo,Ibadan,Jericho,Onireke / Aleshinloye,"Plot 156, Government House Road",Semi-detached Duplex,Tenant Occupied,Governor's Consent,5,5,5,690,316,Compact,2023,Excellent,213500000,675633,1400000,16800000,550000,1800000,400000,0.0787,0.0556,3171858,-26196300,24,92,62,63,63,71,Low,Clean,63,73,Excellent,59,Yes,Inverter,Estate water,4G/5G reliable,Attractive gross yield; Large family layout; Short-let optionality,May require negotiation to improve value,Family,Possession timeline,"Good family test candidate in Jericho, Ibadan; check Possession timeline before recommending.",yield; family; low-flood-risk; clean-title
NGL-0047,Ekiti,Ado-Ekiti,Ajilosun,Fajuyi / Basiri Axis,"Plot 169, Estate Avenue",Apartment / Flat,For Sale,Registered Deed,1,1,0,44,66,Irregular,2016,Excellent,17000000,257576,100000,1200000,800000,150000,100000,0.0706,-0.0004,252560,-3036722,31,67,51,61,51,42,Low,Verification needed,46,92,Fair,36,Yes,Solar + inverter,Estate water,Fiber available,Attractive gross yield; Strong security profile; Short-let optionality,Documentation diligence required; Commute risk; Power/water reliability concern,Family,Title verification,"Good family test candidate in Ajilosun, Ado-Ekiti; check Title verification before recommending.",budget; family; low-flood-risk
NGL-0048,Ogun,Ota,Sango Ota,Iju / Ijoko Axis,"Plot 110, Estate Avenue",Mixed-use Residential,For Sale,C of O,2,3,3,112,65,Regular,1999,Good,23500000,361538,150000,1800000,300000,200000,50000,0.0766,0.0432,349127,-3173527,27,67,56,47,59,77,Low,Clean,42,53,Poor,70,No,Inverter,Estate water,Fiber available,Strong school access; Attractive gross yield,Power/water reliability concern; Road quality risk,Family,Road access risk,"Good family test candidate in Sango Ota, Ota; check Road access risk before recommending.",budget; yield; family; low-flood-risk; clean-title
NGL-0049,Anambra,Awka,Aroma,Government House Axis,"Plot 144, Central Link Road",Detached Duplex,For Sale,C of O,4,3,4,491,202,Irregular,2014,Excellent,136500000,675743,850000,10200000,250000,1050000,650000,0.0747,0.0507,2027909,-17410913,23,80,51,56,41,42,Low,Clean,58,80,Fair,46,No,None,Municipal + borehole,Fiber available,Attractive gross yield; Strong security profile; Large family layout,Commute risk; Road quality risk,Family,No major synthetic flags,"Good family test candidate in Aroma, Awka; check pricing and inspection before recommending.",family; low-flood-risk; clean-title
NGL-0050,Lagos,Lagos,Victoria Island,Oniru / Water Corp Axis,"Plot 50, Ligali Ayorinde Street",Uncompleted Shell,For Sale,C of O,5,5,4,1554,410,Compact,2014,Newly Built,1230500000,3001220,0,0,1950000,11250000,4900000,0.0,-0.0147,18280898,-237470776,62,74,32,66,50,95,High,Clean,95,52,Good,86,Yes,Generator-ready,Tanker-dependent,Fiber available,High market liquidity; Strong school access; Reliable infrastructure,Drainage/flood checks required; High annual service charge; Commute risk,Family,Flood-zone diligence; High service charge,"Good family test candidate in Victoria Island, Lagos; check Flood-zone diligence, High service charge before recommending.",family; clean-title; prime
NGL-0051,Ogun,Abeokuta,Laderin,Kobape / Oke-Mosan Axis,"Plot 15, Ring Road",Apartment / Flat,For Sale,Governor's Consent,4,5,4,153,247,Irregular,2014,Newly Built,67500000,273279,300000,3600000,550000,950000,300000,0.0533,0.0197,1002812,-10701748,24,81,44,51,49,29,Low,Clean,40,71,Excellent,46,No,Inverter,Borehole,Patchy broadband,Balanced price for area,Commute risk; Power/water reliability concern,Family,No major synthetic flags,"Good family test candidate in Laderin, Abeokuta; check pricing and inspection before recommending.",family; low-flood-risk; clean-title
NGL-0052,Lagos,Lagos,Victoria Island,Oniru / Water Corp Axis,"Plot 117, Bishop Oluwole Street",Penthouse,Price Reduced,Registered Deed,4,3,4,159,172,Compact,1999,Good,707500000,4113372,5300000,63600000,1350000,3850000,2200000,0.0899,0.0677,10510959,-78199511,70,70,57,74,73,64,High,Verification needed,80,69,Good,90,Yes,Inverter,Tanker-dependent,Fiber available,High market liquidity; Attractive gross yield; Reliable infrastructure,Drainage/flood checks required; Documentation diligence required,Family,Flood-zone diligence; Title verification,"Good family test candidate in Victoria Island, Lagos; check Flood-zone diligence, Title verification before recommending.",yield; family; prime
NGL-0053,Lagos,Lagos,Epe,Alaro City / Epe Town,"Plot 48, Poka Road",Bungalow,For Sale,Registered Deed,4,4,5,624,253,Irregular,1982,Needs Renovation,101500000,401186,350000,4200000,250000,700000,200000,0.0414,0.0247,1507933,-15591192,60,75,32,69,95,48,Medium,Verification needed,54,52,Excellent,61,No,Generator-ready,Estate water,4G/5G reliable,Good commute profile,Drainage/flood checks required; Documentation diligence required; Repair budget needed,Family,Title verification; Renovation/structural check,"Good family test candidate in Epe, Lagos; check Title verification, Renovation/structural check before recommending.",family; renovation
NGL-0054,Kaduna,Kaduna,Barnawa,Narayi / High Cost,"Plot 124, Unity Road",Semi-detached Duplex,For Sale,Governor's Consent,4,3,5,685,231,Regular,1995,Good,108500000,469697,650000,7800000,350000,500000,450000,0.0719,0.0506,1611928,-13857136,25,79,54,61,53,50,Low,Clean,69,66,Fair,63,No,Shared generator,Borehole,Fiber available,Attractive gross yield; Large family layout,Commute risk; Road quality risk,Family,Estate litigation check,"Good family test candidate in Barnawa, Kaduna; check Estate litigation check before recommending.",family; low-flood-risk; clean-title
NGL-0055,Edo,Benin City,Ugbowo,University Axis,"Plot 163, Central Link Road",Townhouse,Distress Sale,Governor's Consent,4,4,4,112,192,Irregular,2020,Newly Built,75000000,390625,500000,6000000,200000,650000,150000,0.08,0.0563,1114236,-9150832,34,73,52,61,69,50,Medium,Clean,50,71,Fair,58,No,Solar + inverter,Municipal + borehole,Fiber available,Attractive gross yield,Drainage/flood checks required; Power/water reliability concern; Road quality risk,Family,No major synthetic flags,"Good family test candidate in Ugbowo, Benin City; check pricing and inspection before recommending.",yield; family; clean-title
NGL-0056,Enugu,Enugu,Independence Layout,New Haven Link,"Plot 124, Estate Avenue",Semi-detached Duplex,Price Reduced,Registered Deed,4,4,4,434,216,Compact,2015,Newly Built,168000000,777778,1100000,13200000,600000,1800000,800000,0.0786,0.0493,2495889,-21666663,37,77,57,61,59,56,Low,Verification needed,58,52,Fair,87,No,Shared generator,Estate water,4G/5G reliable,High market liquidity; Attractive gross yield; Large family layout,Documentation diligence required; Road quality risk,Family,Title verification,"Good family test candidate in Independence Layout, Enugu; check Title verification before recommending.",yield; family; low-flood-risk
NGL-0057,FCT,Abuja,Lugbe,Trademore / FHA,"Plot 99, Pyakasa Road",Apartment / Flat,Price Reduced,Family Receipt Only,3,3,3,57,101,Irregular,2019,Newly Built,32500000,321782,350000,4200000,450000,400000,100000,0.1292,0.0832,482836,-3090027,71,70,57,68,66,52,Medium,High caution,62,57,Fair,74,No,Solar + inverter,Estate water,Fiber available,Attractive gross yield,Drainage/flood checks required; Documentation diligence required; Road quality risk,Renter / Lifestyle,High title risk,"Good renter / lifestyle test candidate in Lugbe, Abuja; check High title risk before recommending.",budget; yield; renter-lifestyle
NGL-0058,Lagos,Lagos,Surulere,Bode Thomas / Aguda,"Plot 167, Adeniran Ogunsanya",Townhouse,Price Reduced,Governor's Consent,3,4,4,109,96,Irregular,2004,Needs Renovation,70000000,729167,500000,6000000,850000,550000,350000,0.0857,0.0496,1039954,-9009443,37,93,58,65,74,75,Low,Clean,60,71,Good,80,No,Solar + inverter,Borehole,Fiber available,High market liquidity; Strong school access; Attractive gross yield,Repair budget needed,Family,Renovation/structural check,"Good family test candidate in Surulere, Lagos; check Renovation/structural check before recommending.",yield; family; low-flood-risk; clean-title; renovation
NGL-0059,Kwara,Ilorin,GRA Ilorin,Tanke / GRA Link,"Plot 111, Ring Road",Apartment / Flat,Off-plan,C of O,1,1,1,54,51,Regular,2008,Good,16500000,323529,100000,1200000,300000,200000,100000,0.0727,0.0269,245132,-2497583,35,57,53,59,39,50,Medium,Clean,51,66,Fair,72,No,Generator-ready,Tanker-dependent,Fiber available,Attractive gross yield,Drainage/flood checks required; Commute risk; Power/water reliability concern,Investor,No major synthetic flags,"Good investor test candidate in GRA Ilorin, Ilorin; check pricing and inspection before recommending.",budget; investor; clean-title
NGL-0060,FCT,Abuja,Apo,Legislative Quarters / Resettlement,"Plot 118, Lokogoma Link",Townhouse,Distress Sale,Family Receipt Only,3,3,3,105,139,Regular,2019,Newly Built,76500000,550360,650000,7800000,150000,800000,350000,0.102,0.0717,1136521,-8152248,65,83,46,68,80,63,Low,High caution,68,36,Good,53,No,Inverter,Borehole,Fiber available,Good commute profile; Attractive gross yield,Documentation diligence required,Family,High title risk,"Good family test candidate in Apo, Abuja; check High title risk before recommending.",yield; family; low-flood-risk
NGL-0061,FCT,Abuja,Apo,Legislative Quarters / Resettlement,"Plot 96, Lokogoma Link",Apartment / Flat,Price Reduced,Governor's Consent,2,2,2,107,94,Compact,2015,Excellent,64000000,680851,450000,5400000,150000,850000,400000,0.0844,0.0515,950815,-8111776,26,79,54,70,67,62,Low,Clean,68,58,Excellent,53,No,Inverter,Municipal + borehole,4G/5G reliable,Attractive gross yield,May require negotiation to improve value,Family,No major synthetic flags,"Good family test candidate in Apo, Abuja; check pricing and inspection before recommending.",yield; family; low-flood-risk; clean-title
NGL-0062,Plateau,Jos,Rayfield,Old Airport / Rayfield Resort,"Plot 64, Ring Road",Apartment / Flat,Price Reduced,C of O,4,3,3,354,320,Regular,2023,Good,110500000,345312,350000,4200000,800000,650000,250000,0.038,0.0177,1641641,-17745692,29,83,44,59,37,60,Low,Clean,54,42,Excellent,44,Yes,Solar + inverter,Municipal + borehole,Fiber available,Short-let optionality,Commute risk; Power/water reliability concern,Family,Boundary survey check,"Good family test candidate in Rayfield, Jos; check Boundary survey check before recommending.",family; low-flood-risk; clean-title
NGL-0063,Cross River,Calabar,State Housing,Marian / Etta Agbor,"Plot 70, Estate Avenue",Penthouse,For Sale,C of O,3,3,4,84,135,Irregular,1990,Good,73500000,544444,600000,7200000,500000,450000,200000,0.098,0.0696,1091951,-7989415,24,92,67,65,60,69,Low,Clean,55,73,Good,56,Yes,Shared generator,Estate water,4G/5G reliable,Attractive gross yield; Short-let optionality,May require negotiation to improve value,Family,No major synthetic flags,"Good family test candidate in State Housing, Calabar; check pricing and inspection before recommending.",yield; family; low-flood-risk; clean-title
NGL-0064,FCT,Abuja,Asokoro,Aso Drive / ECOWAS Axis,"Plot 103, Yakubu Gowon Crescent",Townhouse,Off-plan,Gazette,4,5,4,115,172,Compact,1982,Needs Renovation,216500000,1258721,1750000,21000000,1350000,2900000,500000,0.097,0.0624,3216428,-25077134,48,86,59,67,60,81,Low,Verification needed,86,64,Fair,88,No,Shared generator,Estate water,Fiber available,High market liquidity; Strong school access; Attractive gross yield,Documentation diligence required; Repair budget needed; Road quality risk,Family,Title verification; Renovation/structural check,"Good family test candidate in Asokoro, Abuja; check Title verification, Renovation/structural check before recommending.",yield; family; low-flood-risk; prime; renovation
NGL-0065,Kaduna,Kaduna,Barnawa,Narayi / High Cost,"Plot 73, Estate Avenue",Mixed-use Residential,Off-plan,Registered Deed,3,2,4,378,166,Compact,2023,Fair,78500000,472892,250000,3000000,600000,650000,150000,0.0382,0.0154,1166234,-12784804,54,70,41,56,52,56,Medium,Verification needed,47,48,Fair,65,Yes,Generator-ready,Estate water,Fiber available,Short-let optionality,Drainage/flood checks required; Documentation diligence required; Repair budget needed,Family,Title verification; Renovation/structural check,"Good family test candidate in Barnawa, Kaduna; check Title verification, Renovation/structural check before recommending.",family; renovation
NGL-0066,Plateau,Jos,Rayfield,Old Airport / Rayfield Resort,"Plot 71, Central Link Road",Apartment / Flat,Price Reduced,Gazette,3,3,3,180,167,Corner plot,2005,Good,47500000,284431,250000,3000000,600000,200000,300000,0.0632,0.0318,705683,-6958193,33,89,44,69,64,51,Low,Verification needed,69,81,Good,46,No,Inverter,Borehole,4G/5G reliable,Strong security profile,Documentation diligence required,Family,Title verification,"Good family test candidate in Rayfield, Jos; check Title verification before recommending.",budget; family; low-flood-risk
NGL-0067,Rivers,Port Harcourt,Rumuodara,East-West Road Axis,"Plot 137, Central Link Road",Uncompleted Shell,For Sale,Governor's Consent,3,2,4,320,146,Regular,1975,Needs Renovation,56500000,386986,0,0,600000,250000,200000,0.0,-0.0186,839391,-11122693,51,76,21,47,45,51,Medium,Clean,48,49,Excellent,54,No,Shared generator,Borehole,Unknown,Balanced price for area,Drainage/flood checks required; Repair budget needed; Commute risk,Family,Renovation/structural check; Unpermitted extension,"Good family test candidate in Rumuodara, Port Harcourt; check Renovation/structural check, Unpermitted extension before recommending.",family; clean-title; renovation
NGL-0068,Oyo,Ibadan,Jericho,Onireke / Aleshinloye,"Plot 55, Estate Avenue",Terrace House,For Sale,C of O,5,4,5,354,349,Irregular,2018,Excellent,211000000,604585,1250000,15000000,450000,1300000,600000,0.0711,0.0507,3134717,-26916606,24,90,56,59,54,63,Low,Clean,57,70,Excellent,73,No,Solar + inverter,Tanker-dependent,Fiber available,Attractive gross yield; Large family layout,Commute risk,Family,No major synthetic flags,"Good family test candidate in Jericho, Ibadan; check pricing and inspection before recommending.",family; low-flood-risk; clean-title
NGL-0069,Osun,Osogbo,GRA Osogbo,Oke-Fia / Government House Axis,"Plot 88, Central Link Road",Mixed-use Residential,Price Reduced,Governor's Consent,2,3,1,124,94,Regular,2006,Good,38500000,409574,150000,1800000,700000,350000,50000,0.0468,0.0121,571974,-6397694,24,81,49,54,58,56,Low,Clean,30,73,Good,45,Yes,Generator-ready,Municipal + borehole,Fiber available,Short-let optionality,Power/water reliability concern,Family,No major synthetic flags,"Good family test candidate in GRA Osogbo, Osogbo; check pricing and inspection before recommending.",budget; family; low-flood-risk; clean-title
NGL-0070,Lagos,Lagos,Surulere,Bode Thomas / Aguda,"Plot 108, Bode Thomas Street",Apartment / Flat,For Sale,Gazette,3,2,4,145,163,Regular,2020,Good,127000000,779141,550000,6600000,750000,1300000,300000,0.052,0.0267,1886773,-19249275,38,82,43,71,62,51,Low,Verification needed,81,47,Excellent,61,No,Shared generator,Borehole,4G/5G reliable,Reliable infrastructure,Documentation diligence required,Family,Title verification,"Good family test candidate in Surulere, Lagos; check Title verification before recommending.",family; low-flood-risk
NGL-0071,Lagos,Lagos,Ajah,Thomas Estate / Abraham Adesanya,"Plot 8, Thomas Estate Road",Bungalow,Distress Sale,C of O,3,2,3,439,143,Irregular,1997,Needs Renovation,143000000,1000000,550000,6600000,500000,1850000,400000,0.0462,0.0209,2124477,-22501719,37,92,38,65,82,68,Low,Clean,53,75,Excellent,50,No,Generator-ready,Estate water,4G/5G reliable,Good commute profile; Strong security profile,Repair budget needed; Power/water reliability concern,Family,Renovation/structural check,"Good family test candidate in Ajah, Lagos; check Renovation/structural check before recommending.",family; low-flood-risk; clean-title; renovation
NGL-0072,Lagos,Lagos,Ikoyi,Ikoyi South / Banana Link,"Plot 101, Alexander Avenue",Bungalow,For Sale,Registered Deed,2,2,3,279,83,Regular,2003,Good,381500000,4596386,1850000,22200000,1000000,2000000,1550000,0.0582,0.0387,5667747,-53248963,35,86,53,65,59,85,Low,Verification needed,80,64,Excellent,93,No,Solar + inverter,Borehole,4G/5G reliable,High market liquidity; Strong school access; Reliable infrastructure,Documentation diligence required,Family,Title verification,"Good family test candidate in Ikoyi, Lagos; check Title verification before recommending.",family; low-flood-risk; prime
NGL-0073,FCT,Abuja,Asokoro,Aso Drive / ECOWAS Axis,"Plot 110, Gana Street",Detached Duplex,For Sale,C of O,5,4,5,718,342,Compact,1991,Good,1086500000,3176901,5300000,63600000,1950000,14350000,5850000,0.0585,0.0305,16141565,-160516780,27,95,57,55,54,95,Low,Clean,73,56,Good,96,No,Generator-ready,Borehole,Patchy broadband,High market liquidity; Strong school access; Reliable infrastructure,High annual service charge; Commute risk,Family,High service charge,"Good family test candidate in Asokoro, Abuja; check High service charge before recommending.",family; low-flood-risk; clean-title; prime
NGL-0074,FCT,Abuja,Gwarinpa,3rd Avenue / 5th Avenue,"Plot 171, 1st Avenue",Serviced Apartment,For Sale,C of O,3,2,4,122,164,Compact,2016,Excellent,183000000,1115854,750000,9000000,650000,2050000,1050000,0.0492,0.0223,2718736,-28544829,25,90,55,69,53,68,Low,Clean,82,64,Excellent,68,Yes,None,Estate water,4G/5G reliable,Reliable infrastructure; Short-let optionality,Commute risk,Family,No major synthetic flags,"Good family test candidate in Gwarinpa, Abuja; check pricing and inspection before recommending.",family; low-flood-risk; clean-title
NGL-0075,Osun,Osogbo,GRA Osogbo,Oke-Fia / Government House Axis,"Plot 56, Government House Road",Apartment / Flat,For Sale,C of O,1,1,1,58,65,Compact,1992,Fair,19500000,300000,50000,600000,200000,150000,100000,0.0308,0.0037,289701,-3404416,31,66,49,64,64,60,Low,Clean,45,65,Fair,74,Yes,Generator-ready,Estate water,Fiber available,Short-let optionality,Repair budget needed; Power/water reliability concern; Road quality risk,Family,Renovation/structural check,"Good family test candidate in GRA Osogbo, Osogbo; check Renovation/structural check before recommending.",budget; family; low-flood-risk; clean-title; renovation
NGL-0076,Oyo,Ibadan,Oluyole,Industrial Estate / Ring Road,"Plot 23, Ring Road",Terrace House,For Sale,Governor's Consent,4,3,4,155,157,Regular,2006,Good,82000000,522293,500000,6000000,100000,800000,150000,0.0732,0.0509,1218231,-10448776,23,82,55,61,52,52,Low,Clean,66,81,Fair,66,No,Shared generator,Borehole,Fiber available,Attractive gross yield; Strong security profile; Large family layout,Commute risk; Road quality risk,Family,No major synthetic flags,"Good family test candidate in Oluyole, Ibadan; check pricing and inspection before recommending.",family; low-flood-risk; clean-title
NGL-0077,Ekiti,Ado-Ekiti,Ajilosun,Fajuyi / Basiri Axis,"Plot 169, GRA Road",Detached Duplex,Tenant Occupied,Gazette,6,6,5,1107,564,Compact,1992,Good,226000000,400709,900000,10800000,200000,1000000,1300000,0.0478,0.0305,3357564,-33394772,38,77,48,44,48,59,Low,Verification needed,30,46,Fair,58,Yes,Inverter,Estate water,Patchy broadband,Large family layout; Short-let optionality,Documentation diligence required; Commute risk; Power/water reliability concern,Family,Title verification; Possession timeline,"Good family test candidate in Ajilosun, Ado-Ekiti; check Title verification, Possession timeline before recommending.",family; low-flood-risk
NGL-0078,Cross River,Calabar,State Housing,Marian / Etta Agbor,"Plot 38, Central Link Road",Semi-detached Duplex,For Sale,C of O,5,5,5,463,232,Irregular,2018,Newly Built,112000000,482759,800000,9600000,900000,1050000,650000,0.0857,0.0514,1663926,-14215108,27,86,52,53,49,60,Low,Clean,37,53,Excellent,43,No,Generator-ready,Municipal + borehole,Fiber available,Attractive gross yield; Large family layout,Commute risk; Power/water reliability concern,Family,No major synthetic flags,"Good family test candidate in State Housing, Calabar; check pricing and inspection before recommending.",yield; family; low-flood-risk; clean-title
NGL-0079,Ogun,Mowe-Ofada,Mowe,Redemption Camp / Ofada,"Plot 67, Ring Road",Semi-detached Duplex,For Sale,Gazette,5,5,5,579,314,Corner plot,2021,Newly Built,131000000,417197,850000,10200000,250000,1800000,500000,0.0779,0.0483,1946199,-17030386,48,74,53,52,63,45,Medium,Verification needed,50,50,Good,84,No,Inverter,Borehole,Patchy broadband,High market liquidity; Attractive gross yield; Large family layout,Drainage/flood checks required; Documentation diligence required; Power/water reliability concern,Family,Title verification; Boundary survey check,"Good family test candidate in Mowe, Mowe-Ofada; check Title verification, Boundary survey check before recommending.",yield; family
NGL-0080,Lagos,Lagos,Ikoyi,Ikoyi South / Banana Link,"Plot 116, Kingsway Road",Mixed-use Residential,Tenant Occupied,Governor's Consent,2,3,3,168,75,Regular,2014,Good,341500000,4553333,1800000,21600000,3250000,3550000,1500000,0.0633,0.0307,5073488,-50389853,33,65,55,61,87,77,Medium,Clean,75,80,Poor,91,No,Shared generator,Estate water,4G/5G reliable,High market liquidity; Strong school access; Good commute profile,Drainage/flood checks required; High annual service charge; Road quality risk,Renter / Lifestyle,High service charge; Possession timeline; Road access risk,"Good renter / lifestyle test candidate in Ikoyi, Lagos; check High service charge, Possession timeline before recommending.",renter-lifestyle; clean-title; prime
NGL-0081,Ogun,Ota,Sango Ota,Iju / Ijoko Axis,"Plot 111, Ring Road",Semi-detached Duplex,For Sale,C of O,5,6,5,872,303,Regular,2021,Excellent,133500000,440594,700000,8400000,250000,1750000,650000,0.0629,0.0349,1983340,-19142080,60,59,38,59,54,52,High,Clean,58,67,Fair,59,No,None,Borehole,Fiber available,Large family layout,Drainage/flood checks required; Commute risk; Road quality risk,Family,Flood-zone diligence,"Good family test candidate in Sango Ota, Ota; check Flood-zone diligence before recommending.",family; clean-title
NGL-0082,Ogun,Abeokuta,Laderin,Kobape / Oke-Mosan Axis,"Plot 16, Estate Avenue",Terrace House,For Sale,Registered Deed,4,4,3,264,226,Corner plot,2006,Good,68000000,300885,450000,5400000,400000,500000,350000,0.0794,0.0507,1010241,-8674887,36,88,48,59,68,62,Low,Verification needed,43,62,Good,49,No,Inverter,Estate water,Fiber available,Attractive gross yield; Large family layout,Documentation diligence required; Power/water reliability concern,Family,Title verification,"Good family test candidate in Laderin, Abeokuta; check Title verification before recommending.",yield; family; low-flood-risk
NGL-0083,Cross River,Calabar,State Housing,Marian / Etta Agbor,"Plot 142, Ring Road",Mixed-use Residential,For Sale,C of O,5,4,5,454,232,Irregular,1985,Good,111500000,480603,600000,7200000,550000,550000,600000,0.0646,0.0409,1656497,-15313970,26,83,55,67,86,74,Low,Clean,56,58,Fair,49,Yes,Shared generator,Municipal + borehole,Fiber available,Good commute profile; Short-let optionality,Road quality risk,Family,No major synthetic flags,"Good family test candidate in State Housing, Calabar; check pricing and inspection before recommending.",family; low-flood-risk; clean-title
NGL-0084,Lagos,Lagos,Yaba,Sabo / Alagomeji,"Plot 62, Alagomeji Road",Semi-detached Duplex,For Sale,Family Receipt Only,5,4,4,978,340,Compact,2014,Fair,350500000,1030882,1750000,21000000,300000,4850000,1400000,0.0599,0.0334,5207196,-50766353,76,77,36,65,50,67,Medium,High caution,90,69,Fair,79,No,Inverter,Borehole,Fiber available,High market liquidity; Reliable infrastructure; Large family layout,Drainage/flood checks required; Documentation diligence required; Repair budget needed,Family,High title risk; Renovation/structural check,"Good family test candidate in Yaba, Lagos; check High title risk, Renovation/structural check before recommending.",family; renovation
NGL-0085,Lagos,Lagos,Magodo,Phase 2 / Shangisha,"Plot 78, CMD Road",Terrace House,Off-plan,Governor's Consent,4,4,5,142,174,Irregular,2008,Good,177000000,1017241,1600000,19200000,850000,800000,650000,0.1085,0.0814,2629597,-17151162,25,92,66,61,65,78,Low,Clean,52,65,Excellent,67,No,Generator-ready,Municipal + borehole,Fiber available,Strong school access; Attractive gross yield; Large family layout,Power/water reliability concern,Family,No major synthetic flags,"Good family test candidate in Magodo, Lagos; check pricing and inspection before recommending.",yield; family; low-flood-risk; clean-title
NGL-0086,Lagos,Lagos,Ajah,Thomas Estate / Abraham Adesanya,"Plot 51, Addo Road",Apartment / Flat,For Sale,Family Receipt Only,2,2,2,64,83,Corner plot,2011,Good,48500000,584337,450000,5400000,550000,700000,150000,0.1113,0.068,720539,-5348471,83,66,49,76,95,74,High,High caution,67,80,Excellent,78,No,Solar + inverter,Borehole,Fiber available,High market liquidity; Good commute profile; Attractive gross yield,Drainage/flood checks required; Documentation diligence required,Family,Flood-zone diligence; High title risk,"Good family test candidate in Ajah, Lagos; check Flood-zone diligence, High title risk before recommending.",budget; yield; family
NGL-0087,Lagos,Lagos,Ikeja GRA,Maryland / GRA,"Plot 86, Isaac John Street",Mixed-use Residential,Off-plan,Governor's Consent,3,3,2,281,126,Compact,2012,Good,205500000,1630952,1350000,16200000,2950000,2100000,300000,0.0788,0.0425,3053007,-27892078,25,88,60,60,65,85,Low,Clean,87,69,Fair,81,No,Shared generator,Tanker-dependent,Patchy broadband,High market liquidity; Strong school access; Attractive gross yield,High annual service charge; Road quality risk,Family,High service charge,"Good family test candidate in Ikeja GRA, Lagos; check High service charge before recommending.",yield; family; low-flood-risk; clean-title
NGL-0088,Enugu,Enugu,New Haven,Upper Chime / Nike Road,"Plot 196, Unity Road",Detached Duplex,For Sale,Governor's Consent,4,4,4,485,197,Compact,2026,Good,187000000,949239,750000,9000000,200000,1100000,800000,0.0481,0.0306,2778162,-27607940,27,85,47,60,68,57,Low,Clean,45,55,Excellent,68,No,Shared generator,Municipal + borehole,Fiber available,Large family layout,Power/water reliability concern,Family,No major synthetic flags,"Good family test candidate in New Haven, Enugu; check pricing and inspection before recommending.",family; low-flood-risk; clean-title
NGL-0089,Lagos,Lagos,Ajah,Thomas Estate / Abraham Adesanya,"Plot 124, Abraham Adesanya Road",Apartment / Flat,For Sale,Registered Deed,3,3,2,99,169,Compact,2016,Newly Built,135500000,801775,800000,9600000,800000,800000,600000,0.0708,0.0454,2013053,-18004636,71,70,41,68,67,71,High,Verification needed,60,63,Good,77,No,Shared generator,Municipal + borehole,4G/5G reliable,High market liquidity; Attractive gross yield,Drainage/flood checks required; Documentation diligence required,Family,Flood-zone diligence; Title verification,"Good family test candidate in Ajah, Lagos; check Flood-zone diligence, Title verification before recommending.",family
NGL-0090,Delta,Warri,Effurun GRA,Airport Road / GRA,"Plot 131, GRA Road",Apartment / Flat,For Sale,Registered Deed,2,3,3,79,107,Irregular,2024,Excellent,47500000,443925,250000,3000000,100000,700000,250000,0.0632,0.0328,705683,-6908193,46,75,45,48,30,73,Medium,Verification needed,49,59,Good,70,No,Generator-ready,Estate water,Patchy broadband,Balanced price for area,Drainage/flood checks required; Documentation diligence required; Commute risk,Family,Title verification,"Good family test candidate in Effurun GRA, Warri; check Title verification before recommending.",budget; family
NGL-0091,FCT,Abuja,Gwarinpa,3rd Avenue / 5th Avenue,"Plot 99, Setraco Gate Road",Apartment / Flat,For Sale,Registered Deed,4,3,3,135,197,Corner plot,2024,Newly Built,166000000,842640,1050000,12600000,200000,1850000,650000,0.0759,0.0498,2466176,-21332107,45,90,57,70,78,94,Medium,Verification needed,56,67,Good,71,Yes,Generator-ready,Borehole,Fiber available,Strong school access; Good commute profile; Attractive gross yield,Drainage/flood checks required; Documentation diligence required,Family,Title verification,"Good family test candidate in Gwarinpa, Abuja; check Title verification before recommending.",yield; family
NGL-0092,Kwara,Ilorin,GRA Ilorin,Tanke / GRA Link,"Plot 40, Government House Road",Apartment / Flat,For Sale,Registered Deed,3,3,4,82,150,Regular,1987,Fair,45500000,303333,250000,3000000,700000,200000,200000,0.0659,0.0332,675970,-6601638,50,78,43,68,64,44,Medium,Verification needed,65,72,Good,64,No,Generator-ready,Estate water,4G/5G reliable,Attractive gross yield,Drainage/flood checks required; Documentation diligence required; Repair budget needed,Family,Title verification; Renovation/structural check,"Good family test candidate in GRA Ilorin, Ilorin; check Title verification, Renovation/structural check before recommending.",budget; family; renovation
NGL-0093,Lagos,Lagos,Ikeja GRA,Maryland / GRA,"Plot 99, Isaac John Street",Apartment / Flat,Off-plan,C of O,2,3,1,115,110,Regular,1988,Needs Renovation,104500000,950000,550000,6600000,1600000,1200000,600000,0.0632,0.0224,1552502,-16288025,38,89,59,65,60,92,Low,Clean,54,69,Good,87,Yes,Inverter,Borehole,4G/5G reliable,High market liquidity; Strong school access; Short-let optionality,Repair budget needed; High annual service charge; Power/water reliability concern,Family,Renovation/structural check; High service charge,"Good family test candidate in Ikeja GRA, Lagos; check Renovation/structural check, High service charge before recommending.",family; low-flood-risk; clean-title; renovation
NGL-0094,Rivers,Port Harcourt,Peter Odili Road,Golf Estate / Rainbow Town,"Plot 127, Estate Avenue",Apartment / Flat,Price Reduced,Governor's Consent,1,1,2,56,49,Compact,2006,Good,32000000,653061,300000,3600000,500000,350000,150000,0.1125,0.0666,475407,-3572888,36,70,65,62,56,79,Medium,Clean,46,59,Good,76,No,Generator-ready,Borehole,Fiber available,High market liquidity; Strong school access; Attractive gross yield,Drainage/flood checks required; Power/water reliability concern,Investor,Estate litigation check,"Good investor test candidate in Peter Odili Road, Port Harcourt; check Estate litigation check before recommending.",budget; yield; investor; clean-title
NGL-0095,Cross River,Calabar,State Housing,Marian / Etta Agbor,"Plot 115, GRA Road",Serviced Apartment,Off-plan,Excision in Process,1,1,1,56,55,Corner plot,2014,Newly Built,23500000,427273,100000,1200000,1300000,100000,150000,0.0511,-0.0215,349127,-4695527,35,75,44,58,62,67,Low,Verification needed,56,66,Good,63,No,Inverter,Borehole,Patchy broadband,Balanced price for area,Documentation diligence required,Family,Title verification; Short-let restriction,"Good family test candidate in State Housing, Calabar; check Title verification, Short-let restriction before recommending.",budget; family; low-flood-risk
NGL-0096,Oyo,Ibadan,Jericho,Onireke / Aleshinloye,"Plot 31, Unity Road",Terrace House,For Sale,Registered Deed,5,5,5,511,435,Compact,1989,Good,229000000,526437,1050000,12600000,600000,1000000,750000,0.055,0.0376,3402134,-32213606,38,88,39,55,60,73,Low,Verification needed,69,48,Good,45,No,Generator-ready,Estate water,Unknown,Large family layout,Documentation diligence required,Family,Title verification,"Good family test candidate in Jericho, Ibadan; check Title verification before recommending.",family; low-flood-risk
NGL-0097,Anambra,Onitsha,GRA Onitsha,Awka Road / Inland Town,"Plot 133, Government House Road",Mixed-use Residential,For Sale,Governor's Consent,5,5,5,630,360,Compact,1985,Good,231000000,641667,700000,8400000,200000,2650000,1000000,0.0364,0.015,3431847,-37724161,22,92,45,50,61,56,Low,Clean,45,90,Good,68,No,None,Municipal + borehole,Patchy broadband,Strong security profile,Power/water reliability concern,Family,No major synthetic flags,"Good family test candidate in GRA Onitsha, Onitsha; check pricing and inspection before recommending.",family; low-flood-risk; clean-title
NGL-0098,Kano,Kano,Nasarawa GRA,Court Road / GRA,"Plot 125, Unity Road",Townhouse,For Sale,Governor's Consent,4,4,4,191,245,Compact,1990,Good,126000000,514286,700000,8400000,150000,950000,600000,0.0667,0.0445,1871916,-16854997,26,84,51,62,66,46,Low,Clean,59,62,Good,59,No,Inverter,Estate water,Fiber available,Attractive gross yield,May require negotiation to improve value,Family,No major synthetic flags,"Good family test candidate in Nasarawa GRA, Kano; check pricing and inspection before recommending.",family; low-flood-risk; clean-title
NGL-0099,Oyo,Ibadan,Jericho,Onireke / Aleshinloye,"Plot 48, Ring Road",Detached Duplex,For Sale,C of O,5,5,5,654,319,Irregular,2023,Newly Built,326500000,1023511,1450000,17400000,650000,4850000,550000,0.0533,0.0278,4850641,-49119687,22,77,51,59,81,59,Low,Clean,73,87,Poor,71,No,Inverter,Borehole,4G/5G reliable,Good commute profile; Reliable infrastructure; Strong security profile,Road quality risk,Family,Road access risk; Unpermitted extension,"Good family test candidate in Jericho, Ibadan; check Road access risk, Unpermitted extension before recommending.",family; low-flood-risk; clean-title
NGL-0100,Edo,Benin City,GRA Benin,Boundary Road / Etete,"Plot 19, Estate Avenue",Penthouse,Tenant Occupied,Governor's Consent,5,4,4,313,266,Compact,1990,Good,203500000,765038,1550000,18600000,1000000,1700000,1150000,0.0914,0.0606,3023294,-23947523,25,86,58,54,51,54,Low,Clean,49,64,Excellent,56,No,Generator-ready,Borehole,Unknown,Attractive gross yield,Commute risk; Power/water reliability concern,Family,Possession timeline; Short-let restriction,"Good family test candidate in GRA Benin, Benin City; check Possession timeline, Short-let restriction before recommending.",yield; family; low-flood-risk; clean-title
NGL-0101,Kano,Kano,Tarauni,Hotoro / Zoo Road,"Plot 159, Estate Avenue",Semi-detached Duplex,For Sale,Governor's Consent,5,6,5,782,302,Irregular,2020,Newly Built,139500000,461921,800000,9600000,450000,1850000,600000,0.0688,0.0391,2072479,-19417747,28,81,50,56,53,48,Low,Clean,45,45,Good,55,No,Generator-ready,Borehole,4G/5G reliable,Attractive gross yield; Large family layout,Commute risk; Power/water reliability concern,Family,No major synthetic flags,"Good family test candidate in Tarauni, Kano; check pricing and inspection before recommending.",family; low-flood-risk; clean-title
NGL-0102,Kwara,Ilorin,GRA Ilorin,Tanke / GRA Link,"Plot 5, Unity Road",Apartment / Flat,For Sale,C of O,4,4,4,201,274,Corner plot,2023,Excellent,108500000,395985,400000,4800000,450000,1150000,350000,0.0442,0.0205,1611928,-17117136,25,80,48,66,70,51,Low,Clean,49,69,Fair,74,No,None,Borehole,4G/5G reliable,Balanced price for area,Power/water reliability concern; Road quality risk,Family,No major synthetic flags,"Good family test candidate in GRA Ilorin, Ilorin; check pricing and inspection before recommending.",family; low-flood-risk; clean-title
NGL-0103,Edo,Benin City,GRA Benin,Boundary Road / Etete,"Plot 103, Central Link Road",Serviced Apartment,Price Reduced,Gazette,2,2,2,70,94,Compact,2023,Good,52000000,553191,300000,3600000,550000,500000,250000,0.0692,0.0352,772537,-7438443,44,79,50,64,51,77,Medium,Verification needed,60,72,Good,80,No,None,Borehole,Fiber available,High market liquidity; Strong school access; Attractive gross yield,Drainage/flood checks required; Documentation diligence required; Commute risk,Family,Title verification; Short-let restriction,"Good family test candidate in GRA Benin, Benin City; check Title verification, Short-let restriction before recommending.",family
NGL-0104,Kano,Kano,Tarauni,Hotoro / Zoo Road,"Plot 7, Unity Road",Semi-detached Duplex,For Sale,C of O,4,5,4,627,229,Compact,1995,Fair,83000000,362445,550000,6600000,400000,850000,350000,0.0795,0.0499,1233088,-10655054,29,87,52,57,54,43,Low,Clean,47,82,Good,54,No,Inverter,Borehole,Fiber available,Attractive gross yield; Strong security profile; Large family layout,Repair budget needed; Commute risk; Power/water reliability concern,Family,Renovation/structural check,"Good family test candidate in Tarauni, Kano; check Renovation/structural check before recommending.",yield; family; low-flood-risk; clean-title; renovation
NGL-0105,Lagos,Lagos,Ajah,Thomas Estate / Abraham Adesanya,"Plot 51, Badore Road",Penthouse,For Sale,Excision in Process,3,3,3,145,145,Corner plot,2021,Excellent,184000000,1268966,1450000,17400000,1200000,2350000,500000,0.0946,0.0603,2733592,-21715107,43,75,59,74,78,49,Medium,Verification needed,76,82,Fair,81,No,Inverter,Borehole,4G/5G reliable,High market liquidity; Good commute profile; Attractive gross yield,Drainage/flood checks required; Documentation diligence required; Road quality risk,Renter / Lifestyle,Title verification; Short-let restriction,"Good renter / lifestyle test candidate in Ajah, Lagos; check Title verification, Short-let restriction before recommending.",yield; renter-lifestyle
NGL-0106,Lagos,Lagos,Yaba,Sabo / Alagomeji,"Plot 135, Alagomeji Road",Apartment / Flat,Price Reduced,Gazette,1,2,1,41,65,Corner plot,2017,Fair,53500000,823077,400000,4800000,500000,350000,200000,0.0897,0.0584,794822,-6411860,42,80,58,75,73,92,Low,Verification needed,86,61,Good,84,No,Shared generator,Borehole,Fiber available,High market liquidity; Strong school access; Attractive gross yield,Documentation diligence required; Repair budget needed,Family,Title verification; Renovation/structural check,"Good family test candidate in Yaba, Lagos; check Title verification, Renovation/structural check before recommending.",yield; family; low-flood-risk; renovation
NGL-0107,Kano,Kano,Nasarawa GRA,Court Road / GRA,"Plot 63, Central Link Road",Townhouse,For Sale,Gazette,3,4,2,206,193,Regular,2021,Newly Built,95500000,494819,500000,6000000,650000,1300000,350000,0.0628,0.0306,1418794,-14105525,36,89,49,56,72,69,Low,Verification needed,59,61,Good,72,No,Solar + inverter,Estate water,Unknown,Balanced price for area,Documentation diligence required,Family,Title verification; Boundary survey check,"Good family test candidate in Nasarawa GRA, Kano; check Title verification, Boundary survey check before recommending.",family; low-flood-risk
NGL-0108,FCT,Abuja,Wuse 2,Aminu Kano / Ademola Adetokunbo,"Plot 8, Kumasi Crescent",Serviced Apartment,Tenant Occupied,Governor's Consent,1,2,1,45,67,Regular,2004,Good,103500000,1544776,550000,6600000,3400000,500000,400000,0.0638,0.0139,1537646,-17009748,27,66,64,64,80,67,Low,Clean,62,54,Fair,88,Yes,None,Borehole,Patchy broadband,High market liquidity; Good commute profile; Short-let optionality,High annual service charge; Road quality risk,Family,High service charge; Possession timeline,"Good family test candidate in Wuse 2, Abuja; check High service charge, Possession timeline before recommending.",family; low-flood-risk; clean-title; prime
NGL-0109,Rivers,Port Harcourt,Rumuodara,East-West Road Axis,"Plot 187, Government House Road",Semi-detached Duplex,For Sale,C of O,5,6,5,714,313,Compact,2020,Excellent,216500000,691693,950000,11400000,500000,2000000,350000,0.0527,0.0326,3216428,-31529134,34,78,46,60,63,44,Medium,Clean,52,71,Excellent,67,No,Inverter,Tanker-dependent,4G/5G reliable,Large family layout,Drainage/flood checks required; Power/water reliability concern,Family,No major synthetic flags,"Good family test candidate in Rumuodara, Port Harcourt; check pricing and inspection before recommending.",family; clean-title
NGL-0110,Lagos,Lagos,Yaba,Sabo / Alagomeji,"Plot 69, Commercial Avenue",Detached Duplex,For Sale,Gazette,5,5,5,1041,497,Compact,1998,Good,985000000,1981891,3000000,36000000,550000,5700000,3500000,0.0365,0.0219,14633632,-154033588,38,80,51,62,51,70,Low,Verification needed,73,49,Fair,86,Yes,Generator-ready,Tanker-dependent,Fiber available,High market liquidity; Reliable infrastructure; Large family layout,Documentation diligence required; Commute risk; Road quality risk,Family,Title verification,"Good family test candidate in Yaba, Lagos; check Title verification before recommending.",family; low-flood-risk
NGL-0111,Kwara,Ilorin,GRA Ilorin,Tanke / GRA Link,"Plot 171, Unity Road",Detached Duplex,Tenant Occupied,Registered Deed,5,5,5,841,302,Compact,2014,Newly Built,222000000,735099,950000,11400000,500000,2250000,750000,0.0514,0.0289,3298138,-33159661,36,87,43,50,28,61,Low,Verification needed,45,59,Good,62,No,Solar + inverter,Municipal + borehole,Fiber available,Large family layout,Documentation diligence required; Commute risk; Power/water reliability concern,Family,Title verification; Possession timeline,"Good family test candidate in GRA Ilorin, Ilorin; check Title verification, Possession timeline before recommending.",family; low-flood-risk
NGL-0112,FCT,Abuja,Asokoro,Aso Drive / ECOWAS Axis,"Plot 17, Aso Drive",Apartment / Flat,For Sale,Excision in Process,1,1,2,59,74,Regular,2011,Good,135000000,1824324,650000,7800000,2000000,1150000,750000,0.0578,0.0214,2005625,-21181497,38,77,50,65,79,90,Low,Verification needed,68,46,Good,83,No,Solar + inverter,Borehole,Patchy broadband,High market liquidity; Strong school access; Good commute profile,Documentation diligence required; High annual service charge,Family,Title verification; High service charge,"Good family test candidate in Asokoro, Abuja; check Title verification, High service charge before recommending.",family; low-flood-risk; prime
NGL-0113,Rivers,Port Harcourt,Rumuodara,East-West Road Axis,"Plot 136, Unity Road",Serviced Apartment,For Sale,Gazette,1,1,1,59,78,Corner plot,2021,Newly Built,41000000,525641,200000,2400000,900000,200000,50000,0.0585,0.0229,609116,-6371388,42,68,41,60,48,53,Medium,Verification needed,45,84,Good,51,No,Solar + inverter,Borehole,Fiber available,Strong security profile,Drainage/flood checks required; Documentation diligence required; Commute risk,Family,Title verification; Short-let restriction,"Good family test candidate in Rumuodara, Port Harcourt; check Title verification, Short-let restriction before recommending.",budget; family
NGL-0114,FCT,Abuja,Life Camp,Kado / Paradise Estate,"Plot 109, Life Camp Extension",Detached Duplex,Price Reduced,Gazette,4,3,4,467,203,Regular,2019,Excellent,343000000,1689655,1900000,22800000,500000,4000000,600000,0.0665,0.043,5095772,-46413270,47,83,52,75,92,75,Medium,Verification needed,86,54,Excellent,96,No,Inverter,Tanker-dependent,Fiber available,High market liquidity; Strong school access; Good commute profile,Drainage/flood checks required; Documentation diligence required,Family,Title verification,"Good family test candidate in Life Camp, Abuja; check Title verification before recommending.",family
NGL-0115,FCT,Abuja,Life Camp,Kado / Paradise Estate,"Plot 166, Life Camp Extension",Townhouse,For Sale,Governor's Consent,4,5,4,295,287,Corner plot,2002,Fair,229000000,797909,1050000,12600000,900000,1450000,1150000,0.055,0.0326,3402134,-33363606,30,75,57,58,79,61,Low,Clean,68,74,Poor,77,Yes,Shared generator,Municipal + borehole,Fiber available,High market liquidity; Good commute profile; Short-let optionality,Repair budget needed; Road quality risk,Family,Renovation/structural check; Road access risk,"Good family test candidate in Life Camp, Abuja; check Renovation/structural check, Road access risk before recommending.",family; low-flood-risk; clean-title; renovation
NGL-0116,Ogun,Ota,Sango Ota,Iju / Ijoko Axis,"Plot 108, Estate Avenue",Apartment / Flat,For Sale,C of O,4,5,3,224,279,Corner plot,2003,Needs Renovation,68500000,245520,300000,3600000,850000,1000000,100000,0.0526,0.0173,1017669,-11030026,39,79,49,64,83,26,Low,Clean,59,61,Excellent,58,Yes,None,Borehole,Patchy broadband,Good commute profile; Short-let optionality,Repair budget needed,Family,Renovation/structural check,"Good family test candidate in Sango Ota, Ota; check Renovation/structural check before recommending.",family; low-flood-risk; clean-title; renovation
NGL-0117,Ogun,Mowe-Ofada,Mowe,Redemption Camp / Ofada,"Plot 113, GRA Road",Bungalow,Off-plan,Registered Deed,3,3,2,344,151,Irregular,1997,Good,60500000,400662,250000,3000000,150000,700000,150000,0.0496,0.0266,898817,-9175804,70,49,34,45,45,41,High,Verification needed,51,67,Poor,74,No,Inverter,Municipal + borehole,Fiber available,Balanced price for area,Drainage/flood checks required; Documentation diligence required; Commute risk,Family,Flood-zone diligence; Title verification; Road access risk,"Good family test candidate in Mowe, Mowe-Ofada; check Flood-zone diligence, Title verification before recommending.",family
NGL-0118,Anambra,Onitsha,GRA Onitsha,Awka Road / Inland Town,"Plot 155, GRA Road",Bungalow,For Sale,C of O,2,2,2,255,90,Compact,2018,Newly Built,73500000,816667,300000,3600000,500000,1050000,200000,0.049,0.0188,1091951,-11721415,27,79,47,60,78,66,Low,Clean,36,52,Good,66,No,Inverter,Tanker-dependent,Fiber available,Good commute profile,Power/water reliability concern,Family,No major synthetic flags,"Good family test candidate in GRA Onitsha, Onitsha; check pricing and inspection before recommending.",family; low-flood-risk; clean-title
NGL-0119,Kano,Kano,Tarauni,Hotoro / Zoo Road,"Plot 74, Government House Road",Terrace House,For Sale,Governor's Consent,5,4,4,293,313,Compact,2009,Good,118500000,378594,650000,7800000,750000,1200000,650000,0.0658,0.0353,1760493,-16939914,35,73,46,57,69,56,Medium,Clean,32,64,Fair,54,No,Generator-ready,Borehole,Fiber available,Attractive gross yield; Large family layout,Drainage/flood checks required; Power/water reliability concern; Road quality risk,Family,No major synthetic flags,"Good family test candidate in Tarauni, Kano; check pricing and inspection before recommending.",family; clean-title
NGL-0120,Kano,Kano,Tarauni,Hotoro / Zoo Road,"Plot 164, Central Link Road",Penthouse,For Sale,Registered Deed,5,6,5,238,351,Irregular,2025,Excellent,202500000,576923,1150000,13800000,2150000,1900000,400000,0.0681,0.0373,3008437,-28545245,34,81,51,64,76,57,Low,Verification needed,30,71,Fair,69,No,Shared generator,Estate water,4G/5G reliable,Good commute profile; Attractive gross yield,Documentation diligence required; High annual service charge; Power/water reliability concern,Family,Title verification; High service charge; Short-let restriction,"Good family test candidate in Tarauni, Kano; check Title verification, High service charge before recommending.",family; low-flood-risk
